true_labels,predicted_labels
O B I O O O B I B O O B I O O O O O O O O,O O O O O O O O O O O O O O O O O O O O O
O O O O O O I O B I I O O O O O O O O B O,O O O O O B B O B I I O O O O O O O O B O
O O O O O O O O O O O O O B O O O B O O O O O O O O O O O O O B I I I O O O O O O O O O O O O O O O O O O,O O O O O O O O B I O O O B I O O B O O O O O O O O O O O B O B I I I O O O O O O O O O O O O O O O O O O
O O O O O B I I I O O O O O O O O B I I I I I O B O O O O O O O B I O,O O O O O B I I I O O O O B O B O B I I I I I O B O O O O B I I I I O
O O B O B I O O O O O O B I O O O,O O O O O O O O O O O O O O O O O
O B I O O O O O O O B I O O O O O O B I O O O O O O O O O O O O O O O O,O B I O O O O B I O B O O O O O O O B I O O O O O O O O O O O O O O O O
O O O O O O O O O O B I O O O O O O B I O O O O,O O O O O O O O O O B I O O O O O O B I O O B O
O O O B I O B B O O O O O O B I I I O O O O O B O O,O O O B I O B I O O O O O O B I I I O O O O O B I O
O O O O O B O B I I I O O O B I I O B B I O O O,O O O O O B O B I I I O O O B I I O B I I O O O
O O O O O O O O B I O O O O O O O O O O O O O,O O O O O O O O B I O O O O O O O O O O O O O
O O O O O O O O O O O O O B O O O B I O O O O B O B O O O O O O B O B I I O,O O O O O O O O O O O O O B O O O B I O O O O O O B O O B I I I B O B I I O
O O B I I I O O O B I O O B I O O B O O O O B I O O O B I O,O O O O O I O O O O O O O O O O O B O O O O O O O O O B I O
O O O O B I O O O O O B O O B I O O O O O O O B O B I I O O O,O O O O B I O O O O O O O O B B O O O O O O O B O B B I O O O
O O O O O O O O O O O O O O O O O O B I O O O O O O O O B I I O B I O O O B O,O O O O O O O O O O O O O O O B O O B I O O O O O O O O O B O O B I O O O B O
B I O O O O O O O B I I O B O O O B I I O,B I I O O O O O O B I I O B O O O O B I O
O O O O O O O B I O B I I I I O B I O,O O O O O O O B I O I I I I I O B I O
O B O O O B O O O O O B I I O O O O B O O O,O O O O O B O O O O O B I O O O O O B O O O
O B I I O O O O O O O O O O O O B I O,O B I I O O O O O O O O O O O O B I O
O O O O B I O O O O O O O O O B I O B O B I O,O O O O B I O O O O O O O O O B I O O O B I O
B I I O B O O O B I O O O O O O O O O O B I I O B O O O O O B I O B I O,B I I O B O O O B I I O O O O O O O O O B I I O B O O O O O B I O B I O
O O O B I O B I I I O B O O O O O O O O O B I I O,O O O B I O B I I I O B O O O O O O O O O B I I O
O O O O O O B I I O O O O O O B O O O O O O O O O O,O O O O O O B I O O O B O O O B O O O B O O O O O O
O O O O O O O O B I O O O O O O O O O O O O,O O O O O O O O B I O O O O O O O O O O O O
O O O B I I I O B O O O O O B O B O O B O O O O O O O O O O O O O O O O O O B I O O O O O O O O O O O O O,O O O B I I I O B O O O O O B O B O B B O O O O B O O O B O I O O O O O O O O O O O O O O O O O O O O O O
O O O O O B I I O O O O O O O O O O O O B I O B I O,O O O O O O B I O O O O O O O O O O O O B I O B I O
O O O O O O B I O O O B O B O O O O O O O O O O O O O O B I O O O O O O O,O O O O O O B I O O O B O B O O O O O O O O O O O O O O B I O O B O B O O
O O O O O O B I I O O O O O O O O O B I I I I O O O O O O O,O O O O O O B I O O O O O O O O O O B I I O I O O O O O O O
B I I O O B O O B I O O O O O O O O B O O O O O B I O,B I I O O O O O B I O O O O O O O O O O O O O O O B O
O O B I I I I I I B I I O O B I I B O O O O O O I I O O O O O B I I I O,O O B I I I I I I B I I O O B O I I O O O O O O B I O O O O O B I I I O
O O O O O O O O O O O O B B O O O O,O O O O O O O B I I I O B B O O O O
O O O B I O O O B I I O O O O O O O B I O O O O O B I O O O O O O O O O O O O O B I O,O O O B I O O O B I I O O B O O O O B I O O O O O B I O B O O O B I O O O O O O B I O
O O O O O O O O O B O B I I I I I O,O B O O O O B O O O O O O O O O O O
O O O O O O B O O B I O O O B I I O,O O O O B B I O O B I O O O B I I O
O O O O O O O O O O B I O O O,O O O O O O O O O O B I O O O
O O O O O O O O O O O O O O O O O O O O O,O O O O O O O O O B I O O O O O O O O O O
O O O O B I I O O O O O O O B B O O O O,O O O O B B I O O O O O O O B B I O O O
O B O B O O O O O B I O O B O O O O O O O,O O O O O O O O B I I O O O B I O O O B O
O O O O O O O O O O O O O O O O O O O B I I I I I I I O B O O O O O O O O O O O O O O O O B I I O,O O O O O O O O O O O O O O O O O O O O O I O O O O O O B O O O O O O O O O O B I O O O O B O O O
O O O O O O O O O O O O B I I O,O O O O B I I O O O O B I I O O
O O O O O O B I O O B I O O O O O O O B I O O O O B O O O O O O,O O O O O O B I O O O B O O O O O O O B I B O O O B B O O O O O
O O O O O O O O B I I O O O O O O O O O B I I O B O O,O O O O O O O B I I I O B O O O O O O O B I I O B O O
O O O O O O O O O O O O O O O O O O O O O O O O O O O,O O O O O O O O O O O O O O O O O O O O O O O O O O O
O O O O O O O O O O O O B I O O O O O O B O O,O O O O O O O O O O O B I O O O O O O O B I O
O O O O B B O O O O O O O B O O O O O O,O O O O B B I O O O O O O B O O O O O O
O O O O O B I I O O B I O O O O O O O O O O O O B I O O B O O,O O O O O B I O O O O O O O O O O O O O O O O O B I O O B I O
O B O B O O O O O B O O B I I O O O B I O B I O O O B O,O O O B O O O O O B O O B B I O O O B I O B I O B O O O
O O O B I I O O O O B I O O O O B O O O O O O O O B I O O O O O O B I O O O O O O O O O O,O O O B I I O O O O B I O O O O B O O O O B O O O B I O O O O O O B I O O O O O O O O O O
O O O O B I I I O O O O O O O O O O B O O O O O O B O B I O O O O O O O O O,O O O O B O O O O O O B O B I I I O B O O O O O O B O O I O B O O O O I I O
B I I O B I O O O B I I I O,B I I O O O O O O B I I I O
O O O O B I I O O O O B O O O O O O B O B I O O O O O O O O O O O O O O B O,O O O O B B I O O O O B O O O O O O O O B I O O O O O O O O O O O O O O O O
O O O B I I I O O O O O B O O O O O O B I O O O O O B I O,O O O B I I I O B O O O B O O O O O O B I O O O O O B I O
O B I I O O O O,O O O O O O O O
O O O O O O O O O O O O B I I O O O O O O O O O,O O O O O O O O O O O O B I I O O O O O O O O O
O O O O O B O B I I O B O O B I O O B I O,O O O O O B O B I I O O O O B I O O B I O
O O O O O B I O O O O O O O O O O O O O O O,O O O O O O I O O O O O O B O O O O O O O O
O O O O B I O O,O O O O B I O O
O O O B I I I O B I O O B I I O,O O O B I I I O B I O O B I I O
O O O O B O O O B I I O O O O O O O O O B I O O O O O O O O O O O O O O O O,O O O O B O O O B I O B O B I B B O O O B I O O O O O O B I O O O O O O B O
O O O B O O O B B I O B O O O O O O O B I O O O,O O O B O O O B I I O O O O O O O O O B I O B O
O O O B I I I I I I O O O O B I O B I I O,O O O B I I I I I I O O O O B I O O B I O
O O O O O B I I O I O O O O B O O O B I O,O O O O B B I I O B O O O O B O O O B I O
O O O O O O O O O B I I I O O B O,O O O O O O O O O B I I I O O B O
O O O O B I I O O O O O O B I I O O B I I I I I I I O,O O O O B I I O O O O O O B I O O O O O I I I O O O O
O O O O O O O O O O B O O O O B I B O B I O O B I O,O O O O O O O O O O O O O O O O O I O B I O O B I O
O O O O O O O O O O O O O B I O O O B I O O O O O B O,O O O O O O O O O I B O O B I O O O B I O O O O O B O
O O O O O O O O O O O O O O O O B I O O O O O O O O B O O O O,O O O O O O O B I O O O O O O O B I O O O O O O O O B O O B O
O O O O O O O O O O O O O O B I O O O O O O O O O O O O O,O O O O O O O O O O O O O O B I O O O O O O O O O O O O O
O B I O O O O O O O O B I O O O O O O O O O O,O B O O O O O O O O O B I O O O O O O O O O O
O O O O O O O,O O O O O O O
B B O O O O O O O O O,O B O O O O O O O O O
O O O O O B I I I O O O O O O O O O O O O O O O B I I I I I I I O O O O,O O O O O B I I I O O O O O O O O O O B I O O O B I I I I I I O O O O O
O O O B I I O O B I O O O O O O O O O O O O O O O O,O O B B I I O O B I O O O O O O O O O O O B O O O O
O O O O O O B I O O O B O O O O O O O O O O B I I O O O O O O B I I O,O O O O O O O O O O O B I O O O O O O O O O B I O O O O O O O B I I O
O O O O O O O O O O O O B I O O O O B I O B I O O B I I O,O O O O O O O O O O O O B I O O O O B I O B I O O B I I O
O O O B I O O B I I O O O O O O B I I I I I I O O,O O O B I O O B B I O O O O O O B I I I I I O O O
O O B I O O O O O O O O O O B I O,O O B I O O O O O O O O O O B I O
O O O B I O O O O O B I I O O O O O O,O O O B I O O O O O O B I O O O O O O
O O O O O O O O O O O,O O O O B O O O O B O
O O O O O O O O O O O O B I O B I O,O O O O O B O B I O B O B I O B I O
O O O O O O O O O O B I O B I I O O O O O B I O O O O O O O O,O O O O O O O B O O B I O B I I I O O O O O O O O O O O O B O
O O O O O O O O O B I I O O O O O O B I I O B O B O O O B I I O B O B I I I O,O O O O O O O O O O I I O O O O O O B B I O B O B O O O B I I O B O B I I I O
O O O O O O O O O O O O O O O O B B O O,O O O O O O O O O O O O O O O O O B O O
B I O O B I I O O O B I O O B I O,B I O O B I I O O O B I O O O O O
O B I I O O O O O O O O O,O B I I O O O O O O O O O
O O O O B O B I O B O O O O O O O B O O O O O O B I I O,O O O O O O B I O O O O O O O O B I O O O B O B B I I O
O O O O O O O O O O O O B I I O O O O O O O O O O O B I O B I I O O,O O O O O O O O O O O O B I I O O B O O O O O O O O B I O B I I O O
O O O O O O O O B O B I O O B I I I O O O O O O O O B I I I I O,O B O O O B O O B O B I O O B B O B O O O O O O O O O B I I I O
O O O B I O O O O O O O O O B I I O O O B I O B I O O B I O,O O O B I O O O O O O O O O B I I O O O B I O B I O O B I O
O O O O O O O O O O B I I B I I O O O O O O O O B I I I O O O B O B O B I O O B I O,O O O O O O O O O O B I I I I I O O O O O O O O O O O O O O O B O B O B I O O B I O
O O O O O O O O O O O O O O O O O O O B O O O O O O,O O O B O O O O O O B I O O O O B I O B O O O O O O
O B O O O O O O O B O,O O O O O O O O O B O
O O O O O O O O O O O O O O O O O O O O O O O O O,O O O O O O O O O O O O O O O O O O O O O O O O O
O O O O O O O O O O O O O O O O O O O O O O,O O O O O O O O O O O O B O O O O O O B I O
O O O B I I O B O I B I O O O O,O O O B I O O B I I I I O O O O
O O O O O O B I I I O B I O O O B I I O O O B I O,O O O O O O B I I I O B I O O O B I I O O O B I O
O O O O B I O O B O O O O O O O O O O O O B I O O O O O O O O O O O B I I O O O O B I I O,O O O O O O O O O O O B I O O O O O O O O B I O O O O O O O O O O O O B I O O B O B I I O
O O O O O B I O O B I O O O O B I O O O O B I O O B O,O O O O O B I O O B I O O O O B I O O O I B I O O B O
O O O O O O O O O O O O O B I I I O O O O O O B I I O O O O B I I O,O O O O O O O O O O O O O O B O B O O B O O O B I I O O O B I I I O
O O O O O O O B I I I I O O B I I O O O O,O O O O O O O O O O B I O O O O O O O O O
O O O O O O B I O O O O O O O O O O O O B I O O O O O O O O B I O O O O O O O O,O O O O O O B I O O O O O O O O O O O O B I O O O O O B O O B I O O O O O O O O
O O O O O O O O B O O O O O O O B I O O B I O O O O O B I I O O O O,O O O O O O O O B O O O O O O O B I O B I I O O O O O B I I O O O O
O B O O O O O B B O O O O O B I O O O,O B O O O O O O B O O O O B B I O O O
O O O O O O B I I I O O O O O O O O O O B I I O O O O,O O O O O O B B I I O O O B O O O O O O B I I O O O O
O O O O O O O O O O O O B O O B I O O O O O O O O O O O O O O O O,O O O O O O O O O O O B I O O B I B O O O O O O O O O O O O O O O
O O O O O O O O O O O O O O O O O O O O O O B O B I O O O B O O O,O O O O O O O O O O O O O O O O O O O O O O B O B I O O O B O O O
